{
	"system" : {
		"platform" : "linux64",
		"os_name" : "Linux Mint",
		"os_version" : "19"
	},
	"error" : {
		"executable" : "quartus",
		"comment" : "not_applicable",
		"error_message" : "Segment Violation at 0x8",
		"source_file" : "unknown",
		"line" : "0",
		"stack_trace" : "\t0x7f407aedf5c3: QtGui.so.4 + 0x2a85c3 (_ZNK14QWidgetPrivate13mapFromGlobalERK6QPoint + 0x23)\n\t   0x8e5b4d:\n",
		"subsystem" : "unknown"
	},
	"quartus" : {
		"quartus_bits" : "64",
		"version" : "20.1.1",
		"build" : "720",
		"edition" : "Lite Edition"
	}
}