# Copyright (C) 2020  Intel Corporation. All rights reserved.
# Your use of Intel Corporation's design tools, logic functions 
# and other software and tools, and any partner logic 
# functions, and any output files from any of the foregoing 
# (including device programming or simulation files), and any 
# associated documentation or information are expressly subject 
# to the terms and conditions of the Intel Program License 
# Subscription Agreement, the Intel Quartus Prime License Agreement,
# the Intel FPGA IP License Agreement, or other applicable license
# agreement, including, without limitation, that your use is for
# the sole purpose of programming logic devices manufactured by
# Intel and sold by Intel or its authorized distributors.  Please
# refer to the applicable agreement for further details, at
# https://fpgasoftware.intel.com/eula.

# Quartus Prime Version 20.1.1 Build 720 11/11/2020 SJ Lite Edition
# File: /home/vorote/Maquininha_Bebida/Maquininha_Bebida.csv
# Generated on: Tue Aug 17 12:13:52 2021

# Note: The column header names should not be changed if you wish to import this .csv file into the Quartus Prime software.

To,Direction,Location,I/O Bank,VREF Group,Fitter Location,I/O Standard,Reserved,Current Strength,Slew Rate,Differential Pair,Strict Preservation
disp1[6],Output,,,,PIN_U3,,,,,,
disp1[5],Output,,,,PIN_U4,,,,,,
disp1[4],Output,,,,PIN_V1,,,,,,
disp1[3],Output,,,,PIN_U2,,,,,,
disp1[2],Output,,,,PIN_U1,,,,,,
disp1[1],Output,,,,PIN_T3,,,,,,
disp1[0],Output,,,,PIN_P8,,,,,,
disp2[6],Output,,,,PIN_T5,,,,,,
disp2[5],Output,,,,PIN_W2,,,,,,
disp2[4],Output,,,,PIN_R7,,,,,,
disp2[3],Output,,,,PIN_W1,,,,,,
disp2[2],Output,,,,PIN_N1,,,,,,
disp2[1],Output,,,,PIN_V3,,,,,,
disp2[0],Output,,,,PIN_U5,,,,,,
disp3[6],Output,,,,PIN_P5,,,,,,
disp3[5],Output,,,,PIN_N5,,,,,,
disp3[4],Output,,,,PIN_P4,,,,,,
disp3[3],Output,,,,PIN_R3,,,,,,
disp3[2],Output,,,,PIN_R2,,,,,,
disp3[1],Output,,,,PIN_T6,,,,,,
disp3[0],Output,,,,PIN_R1,,,,,,
disp4[6],Output,,,,PIN_M1,,,,,,
disp4[5],Output,,,,PIN_N4,,,,,,
disp4[4],Output,,,,PIN_P3,,,,,,
disp4[3],Output,,,,PIN_N2,,,,,,
disp4[2],Output,,,,PIN_M9,,,,,,
disp4[1],Output,,,,PIN_N3,,,,,,
disp4[0],Output,,,,PIN_M8,,,,,,
disp5[6],Output,,,,PIN_N9,,,,,,
disp5[5],Output,,,,PIN_P1,,,,,,
disp5[4],Output,,,,PIN_N8,,,,,,
disp5[3],Output,,,,PIN_T2,,,,,,
disp5[2],Output,,,,PIN_R5,,,,,,
disp5[1],Output,,,,PIN_T1,,,,,,
disp5[0],Output,,,,PIN_R4,,,,,,
entrada[7],Input,PIN_A14,7,B7_N0,PIN_A14,2.5 V,,,,,
entrada[6],Input,PIN_A13,7,B7_N0,PIN_A13,2.5 V,,,,,
entrada[5],Input,PIN_B12,7,B7_N0,PIN_B12,2.5 V,,,,,
entrada[4],Input,PIN_A12,7,B7_N0,PIN_A12,2.5 V,,,,,
entrada[3],Input,PIN_C12,7,B7_N0,PIN_C12,2.5 V,,,,,
entrada[2],Input,PIN_D12,7,B7_N0,PIN_D12,2.5 V,,,,,
entrada[1],Input,PIN_C11,7,B7_N0,PIN_C11,2.5 V,,,,,
entrada[0],Input,PIN_C10,7,B7_N0,PIN_C10,2.5 V,,,,,
escolha[1],Input,PIN_B14,7,B7_N0,PIN_B14,2.5 V,,,,,
escolha[0],Input,PIN_F15,7,B7_N0,PIN_F15,2.5 V,,,,,
opcao[1],Output,PIN_A11,7,B7_N0,PIN_A11,2.5 V,,,,,
opcao[0],Output,PIN_B11,7,B7_N0,PIN_B11,2.5 V,,,,,
