{
	"partitions" : [
		{
			"name" : "Top",
			"pins" : [
				{
					"name" : "opcao[0]",
					"strict" : false
				},
				{
					"name" : "opcao[1]",
					"strict" : false
				},
				{
					"name" : "disp1[0]",
					"strict" : false
				},
				{
					"name" : "disp1[3]",
					"strict" : false
				},
				{
					"name" : "disp1[4]",
					"strict" : false
				},
				{
					"name" : "disp1[5]",
					"strict" : false
				},
				{
					"name" : "disp1[6]",
					"strict" : false
				},
				{
					"name" : "disp2[0]",
					"strict" : false
				},
				{
					"name" : "disp2[1]",
					"strict" : false
				},
				{
					"name" : "disp2[2]",
					"strict" : false
				},
				{
					"name" : "disp2[3]",
					"strict" : false
				},
				{
					"name" : "disp2[4]",
					"strict" : false
				},
				{
					"name" : "disp2[5]",
					"strict" : false
				},
				{
					"name" : "disp2[6]",
					"strict" : false
				},
				{
					"name" : "disp3[0]",
					"strict" : false
				},
				{
					"name" : "disp3[1]",
					"strict" : false
				},
				{
					"name" : "disp3[2]",
					"strict" : false
				},
				{
					"name" : "disp3[3]",
					"strict" : false
				},
				{
					"name" : "disp3[4]",
					"strict" : false
				},
				{
					"name" : "disp3[5]",
					"strict" : false
				},
				{
					"name" : "disp3[6]",
					"strict" : false
				},
				{
					"name" : "disp4[0]",
					"strict" : false
				},
				{
					"name" : "disp4[1]",
					"strict" : false
				},
				{
					"name" : "disp4[2]",
					"strict" : false
				},
				{
					"name" : "disp4[3]",
					"strict" : false
				},
				{
					"name" : "disp4[4]",
					"strict" : false
				},
				{
					"name" : "disp4[5]",
					"strict" : false
				},
				{
					"name" : "disp4[6]",
					"strict" : false
				},
				{
					"name" : "disp5[0]",
					"strict" : false
				},
				{
					"name" : "disp5[4]",
					"strict" : false
				},
				{
					"name" : "disp5[5]",
					"strict" : false
				},
				{
					"name" : "entrada[3]",
					"strict" : false
				},
				{
					"name" : "entrada[2]",
					"strict" : false
				},
				{
					"name" : "entrada[0]",
					"strict" : false
				},
				{
					"name" : "entrada[1]",
					"strict" : false
				},
				{
					"name" : "entrada[4]",
					"strict" : false
				},
				{
					"name" : "entrada[5]",
					"strict" : false
				},
				{
					"name" : "entrada[6]",
					"strict" : false
				},
				{
					"name" : "entrada[7]",
					"strict" : false
				},
				{
					"name" : "escolha[0]",
					"strict" : false
				},
				{
					"name" : "escolha[1]",
					"strict" : false
				}
			]
		}
	]
}