{
	"partitions" : [
		{
			"name" : "Top",
			"pins" : [
				{
					"name" : "clk_led",
					"strict" : false
				},
				{
					"name" : "dsp1[0]",
					"strict" : false
				},
				{
					"name" : "dsp1[1]",
					"strict" : false
				},
				{
					"name" : "dsp1[2]",
					"strict" : false
				},
				{
					"name" : "dsp1[3]",
					"strict" : false
				},
				{
					"name" : "dsp1[4]",
					"strict" : false
				},
				{
					"name" : "dsp1[5]",
					"strict" : false
				},
				{
					"name" : "dsp1[6]",
					"strict" : false
				},
				{
					"name" : "dsp2[0]",
					"strict" : false
				},
				{
					"name" : "dsp2[1]",
					"strict" : false
				},
				{
					"name" : "dsp2[2]",
					"strict" : false
				},
				{
					"name" : "dsp2[3]",
					"strict" : false
				},
				{
					"name" : "dsp2[4]",
					"strict" : false
				},
				{
					"name" : "dsp2[5]",
					"strict" : false
				},
				{
					"name" : "dsp2[6]",
					"strict" : false
				},
				{
					"name" : "dsp3[0]",
					"strict" : false
				},
				{
					"name" : "dsp3[1]",
					"strict" : false
				},
				{
					"name" : "dsp3[2]",
					"strict" : false
				},
				{
					"name" : "dsp3[3]",
					"strict" : false
				},
				{
					"name" : "dsp3[4]",
					"strict" : false
				},
				{
					"name" : "dsp3[5]",
					"strict" : false
				},
				{
					"name" : "dsp3[6]",
					"strict" : false
				},
				{
					"name" : "dsp4[0]",
					"strict" : false
				},
				{
					"name" : "dsp4[1]",
					"strict" : false
				},
				{
					"name" : "dsp4[2]",
					"strict" : false
				},
				{
					"name" : "dsp4[3]",
					"strict" : false
				},
				{
					"name" : "dsp4[4]",
					"strict" : false
				},
				{
					"name" : "dsp4[5]",
					"strict" : false
				},
				{
					"name" : "dsp4[6]",
					"strict" : false
				},
				{
					"name" : "dsp5[0]",
					"strict" : false
				},
				{
					"name" : "dsp5[1]",
					"strict" : false
				},
				{
					"name" : "dsp5[2]",
					"strict" : false
				},
				{
					"name" : "dsp5[3]",
					"strict" : false
				},
				{
					"name" : "dsp5[4]",
					"strict" : false
				},
				{
					"name" : "dsp5[5]",
					"strict" : false
				},
				{
					"name" : "dsp5[6]",
					"strict" : false
				},
				{
					"name" : "dsp6[0]",
					"strict" : false
				},
				{
					"name" : "dsp6[1]",
					"strict" : false
				},
				{
					"name" : "dsp6[2]",
					"strict" : false
				},
				{
					"name" : "dsp6[3]",
					"strict" : false
				},
				{
					"name" : "dsp6[4]",
					"strict" : false
				},
				{
					"name" : "dsp6[5]",
					"strict" : false
				},
				{
					"name" : "dsp6[6]",
					"strict" : false
				},
				{
					"name" : "clk",
					"strict" : false
				},
				{
					"name" : "address[1]",
					"strict" : false
				},
				{
					"name" : "address[0]",
					"strict" : false
				},
				{
					"name" : "address[3]",
					"strict" : false
				},
				{
					"name" : "address[2]",
					"strict" : false
				},
				{
					"name" : "en_reg_a",
					"strict" : false
				},
				{
					"name" : "en_reg_b",
					"strict" : false
				},
				{
					"name" : "op_code[3]",
					"strict" : false
				},
				{
					"name" : "op_code[2]",
					"strict" : false
				},
				{
					"name" : "op_code[1]",
					"strict" : false
				},
				{
					"name" : "op_code[0]",
					"strict" : false
				}
			]
		}
	]
}